(500)_days_of_summer_2009test_user_0011602304420.405698,(500)_days_of_summer_2009,test_user_001,4,This is a comment,1602304420.405698
(500)_days_of_summer_2009test_user_0011602306364.084161,(500)_days_of_summer_2009,test_user_001,4,This is a comment2,1602306364.084161
