(500) days of summer2009test_user_0011601268920.044022,(500) days of summer2009,test_user_001,1,This is a comment,1601268920.044022
